{
  "accuracy": 0.7420132709222776,
  "precision": 0.16688507496336377,
  "recall": 0.7684097839486148,
  "f1": 0.2742153945890879,
  "f1_macro": 0.5586703880893513,
  "precision_macro": 0.5730687679046248,
  "recall_macro": 0.7543177437160731,
  "iou": 0.1588931745765554,
  "auroc": 0.8278421989528348,
  "average_precision": 0.21381868732345807,
  "chamfer_distance": 0.000562355902388275,
  "n_crack_clouds": 32,
  "n_points_total": 486025,
  "n_positive_gt": 30826,
  "threshold": 0.4642426669597626,
  "gmm": {
    "method": "GMM",
    "threshold": 0.45274425390715733,
    "mu_normal": 0.16659677028656006,
    "mu_anomal": 0.7841498851776123,
    "w_normal": 0.47322630882263184,
    "w_anomal": 0.5267737507820129
  }
}