{
  "accuracy": 0.6969497453834679,
  "precision": 0.12490982170462743,
  "recall": 0.6290793486018297,
  "f1": 0.20843320399410986,
  "f1_macro": 0.5105178122121251,
  "precision_macro": 0.545171363326337,
  "recall_macro": 0.6653126329409822,
  "iou": 0.11634129660071274,
  "auroc": 0.7060865120466133,
  "average_precision": 0.12197708966416666,
  "chamfer_distance": 0.0016043279704474754,
  "n_crack_clouds": 32,
  "n_points_total": 486025,
  "n_positive_gt": 30826,
  "threshold": 0.5025662779808044,
  "gmm": {
    "method": "GMM",
    "threshold": 0.06155545657388665,
    "mu_normal": 0.024602631106972694,
    "mu_anomal": 0.44301915168762207,
    "w_normal": 0.2314174622297287,
    "w_anomal": 0.7685825824737549
  },
  "timestamp": "2026-04-17T15:58:25.944828"
}