{
  "accuracy": 0.8059894038372512,
  "precision": 0.19100893848221068,
  "recall": 0.6363783818854214,
  "f1": 0.2938260140195315,
  "f1_macro": 0.5906866945218405,
  "precision_macro": 0.5808836403318043,
  "recall_macro": 0.7269269078533366,
  "iou": 0.17221339466776694,
  "auroc": 0.7729724594439025,
  "average_precision": 0.2965277395178361,
  "chamfer_distance": 0.024881731884660495,
  "n_crack_clouds": 32,
  "n_points_total": 486025,
  "n_positive_gt": 30826,
  "threshold": 0.5897417068481445,
  "gmm": {
    "method": "GMM",
    "threshold": 0.4509801307759327,
    "mu_normal": 0.21881912648677826,
    "mu_anomal": 0.663007378578186,
    "w_normal": 0.5403636693954468,
    "w_anomal": 0.45963630080223083
  },
  "timestamp": "2026-04-15T00:16:18.890140"
}