{
  "accuracy": 0.7303900225988061,
  "precision": 0.13728980406434996,
  "recall": 0.5743216562306087,
  "f1": 0.22160550259022246,
  "f1_macro": 0.5292822634624332,
  "precision_macro": 0.548903636613399,
  "recall_macro": 0.6579437933449022,
  "iou": 0.12460986744672778,
  "auroc": 0.832636877158595,
  "average_precision": 0.3239718421636061,
  "chamfer_distance": 0.03687615329512186,
  "n_crack_clouds": 35,
  "n_points_total": 530559,
  "n_positive_gt": 35454,
  "threshold": 0.2977314591407776,
  "gmm": {
    "method": "GMM",
    "threshold": 0.22523152785021985,
    "mu_normal": 0.14648927748203278,
    "mu_anomal": 0.28308266401290894,
    "w_normal": 0.615506649017334,
    "w_anomal": 0.3844933807849884
  },
  "timestamp": "2026-04-04T03:10:43.966488"
}