{
  "accuracy": 0.9997819042230338,
  "precision": 0.9969265609835005,
  "recall": 0.9996431583728022,
  "f1": 0.9982830115329792,
  "f1_macro": 0.9990832840979225,
  "precision_macro": 0.9984511956340769,
  "recall_macro": 0.9997172292207817,
  "iou": 0.9965719090585686,
  "auroc": 0.9999736885021826,
  "average_precision": 0.9993770441089039,
  "chamfer_distance": 2.3737493970201605e-07,
  "n_crack_clouds": 32,
  "n_points_total": 486025,
  "n_positive_gt": 30826,
  "threshold": 0.5518754124641418,
  "gmm": {
    "method": "GMM",
    "threshold": 0.1892295255339581,
    "mu_normal": 0.0893978476524353,
    "mu_anomal": 0.27778303623199463,
    "w_normal": 0.8478686809539795,
    "w_anomal": 0.1521313339471817
  },
  "timestamp": "2026-04-05T01:54:33.114264"
}