{
  "accuracy": 0.8922042600351705,
  "precision": 0.23143068939955522,
  "recall": 0.26417329497376885,
  "f1": 0.24672040461514147,
  "f1_macro": 0.5943344469741034,
  "precision_macro": 0.5890997707938136,
  "recall_macro": 0.6006751287181384,
  "iou": 0.140719372577301,
  "auroc": 0.9010846103531835,
  "average_precision": 0.40925424689310236,
  "chamfer_distance": 0.01791984578392689,
  "n_crack_clouds": 35,
  "n_points_total": 530559,
  "n_positive_gt": 35454,
  "threshold": 0.44398316740989685,
  "gmm": {
    "method": "GMM",
    "threshold": 0.2820968947152534,
    "mu_normal": 0.19247563183307648,
    "mu_anomal": 0.3701782822608948,
    "w_normal": 0.5313513875007629,
    "w_anomal": 0.46864861249923706
  },
  "timestamp": "2026-04-03T04:38:32.139060"
}