{
  "accuracy": 0.7708605451985547,
  "precision": 0.16191111809045225,
  "recall": 0.5816268968240537,
  "f1": 0.25330745513285097,
  "f1_macro": 0.5589862118924442,
  "precision_macro": 0.5625614162026099,
  "recall_macro": 0.6830191421537584,
  "iou": 0.14502120357542214,
  "auroc": 0.8963852338800308,
  "average_precision": 0.26504596529333485,
  "chamfer_distance": 0.0031555187882385148,
  "n_crack_clouds": 35,
  "n_points_total": 530559,
  "n_positive_gt": 35454,
  "threshold": 0.22308990359306335,
  "gmm": {
    "method": "GMM",
    "threshold": 0.24185515548028244,
    "mu_normal": 0.10034053772687912,
    "mu_anomal": 0.3733099699020386,
    "w_normal": 0.8235869407653809,
    "w_anomal": 0.17641308903694153
  },
  "timestamp": "2026-04-02T02:05:33.495982"
}