{
  "accuracy": 0.9061932791640515,
  "precision": 0.3780911506233395,
  "recall": 0.6261634794381452,
  "f1": 0.4714877349474355,
  "f1_macro": 0.7100082539764045,
  "precision_macro": 0.6750006493511278,
  "recall_macro": 0.7762047136336967,
  "iou": 0.30846185910796164,
  "auroc": 0.9114303759364054,
  "average_precision": 0.43303192017867753,
  "chamfer_distance": NaN,
  "n_crack_clouds": 35,
  "n_points_total": 530559,
  "n_positive_gt": 35454,
  "threshold": 0.1681216961820397,
  "gmm": {
    "method": "GMM",
    "threshold": 0.1681216961820397,
    "mu_normal": 0.07533536106348038,
    "mu_anomal": 0.30549803376197815,
    "w_normal": 0.7173901200294495,
    "w_anomal": 0.28260982036590576
  },
  "timestamp": "2026-04-01T14:06:23.577740"
}