{
  "accuracy": 0.9875397356103082,
  "precision": 0.888951699013881,
  "recall": 0.9182508272237722,
  "f1": 0.9033637582179103,
  "f1_macro": 0.9483521452897241,
  "precision_macro": 0.9417016373501668,
  "recall_macro": 0.9552413980494617,
  "iou": 0.8237588033292591,
  "auroc": 0.9523764991352023,
  "average_precision": 0.9304973420695679,
  "chamfer_distance": 0.0004113374972450881,
  "n_crack_clouds": 32,
  "n_points_total": 486025,
  "n_positive_gt": 30826,
  "threshold": 0.41720739006996155,
  "gmm": {
    "method": "GMM",
    "threshold": 0.26533259185405256,
    "mu_normal": 0.1562899500131607,
    "mu_anomal": 0.39482223987579346,
    "w_normal": 0.5158073306083679,
    "w_anomal": 0.48419272899627686
  },
  "timestamp": "2026-04-14T00:47:23.832821"
}