{
  "accuracy": 0.9589959364230235,
  "precision": 0.9947334967765368,
  "recall": 0.3553818205411017,
  "f1": 0.523674083988623,
  "f1_macro": 0.7511249562417242,
  "precision_macro": 0.9764504346951406,
  "recall_macro": 0.6776272018704885,
  "iou": 0.3547144152311877,
  "auroc": 0.9999554202117873,
  "average_precision": 0.999603946506923,
  "chamfer_distance": 0.02868614714855515,
  "n_crack_clouds": 32,
  "n_points_total": 486025,
  "n_positive_gt": 30826,
  "threshold": 0.39926010370254517,
  "gmm": {
    "method": "GMM",
    "threshold": 0.1733011702833229,
    "mu_normal": 0.06746479123830795,
    "mu_anomal": 0.2949807643890381,
    "w_normal": 0.75921630859375,
    "w_anomal": 0.2407837212085724
  },
  "timestamp": "2026-04-04T05:14:27.253715"
}